{"type": "block", "layer": 4, "block": 0, "features": [{"geom": {"lines": [[-67.89143311430234, 72.81309841107577, 167.7230059814453, -64.52924065419938, 55.537229059264064, 165.4286688232422, -54.977557528880425, 6.458054764196277, 158.2093035888672, -45.42587440338684, -42.62111953180283, 152.63885131835937, -35.87419127789326, -91.70029382780194, 148.74118896484376, -26.322508152748924, -140.7794681219384, 150.4234716796875, -16.770825027429964, -189.8586424170062, 149.9503601074219, -7.219141902111005, -238.93781671207398, 152.48610412597657, 2.3325412235572003, -288.0169910090044, 156.55358215332032, 11.88422434887616, -337.0961653040722, 162.4118798828125, 21.43586061784299, -386.1750988382846, 170.70622192382814, 24.577846518426668, -402.3194863377139, 174.7399072265625]]}, "mtl": 0}, {"geom": {"lines": [[-98.98691166070057, 75.5498319240287, 171.5131298828125, -89.47972485196078, 26.69929193891585, 163.24026000976562, -79.96468376577832, -22.191605484113097, 155.5919436645508, -70.41300064028474, -71.2707797801122, 152.1636981201172, -60.86131751490757, -120.34995407518, 151.07666381835938, -51.316757083986886, -169.39253000821918, 154.70784240722656, -41.78526771365432, -218.36794323753566, 152.1470477294922, -32.24161127774278, -267.40587419550866, 155.2257537841797, -22.708918563264888, -316.3874705377966, 159.67690551757812, -13.197822937159799, -365.25809510145336, 166.59626342773439, -6.431285399070475, -400.02642554603517, 172.32772888183592]]}, "mtl": 0}, {"geom": {"lines": [[54.41921146615641, 389.52690226584673, 164.2433612060547, 50.369022201455664, 379.7311906060204, 163.07604309082032, 32.39159534056671, 333.07487138267606, 155.51344085693358, 14.414168479735963, 286.41855215933174, 156.74190368652344, -3.5632583810947835, 239.7622329359874, 155.62981018066407, -21.479857324971817, 193.26377872470766, 157.0024572753906, -39.45728418562794, 146.60745950229466, 159.2590252685547, -57.43471104645869, 99.95114027895033, 163.41214782714843, -67.9334608669742, 72.81330447737128, 167.73052856445312]]}, "mtl": 0}, {"geom": {"lines": [[17.968549217795953, 379.3890281477943, 168.60126647949218, 8.493567374942359, 354.49094952549785, 165.4567108154297, -9.483859486237634, 307.8346303012222, 156.29823638916017, -27.46128634712659, 261.1783110778779, 160.653447265625, -45.438713207957335, 214.52199185453355, 162.692177734375, -63.41614006878808, 167.86567263118923, 163.0693096923828, -81.39356692961883, 121.2093534078449, 166.63562133789063, -98.98691166070057, 75.5498319240287, 171.5131298828125]]}, "mtl": 0}], "featureCount": 4, "startIndex": 0}