{"type": "block", "layer": 11, "block": 34, "features": [{"geom": {"pts": [[-185.8756795412046, -234.8904733126983, 134.43063354492188]], "r": 2}, "mtl": 1}, {"geom": {"pts": [[-178.94938242342323, -234.8842056049034, 134.74510955810547]], "r": 2}, "mtl": 1}, {"geom": {"pts": [[-199.72827377170324, -234.90298859775066, 135.23941802978516]], "r": 2}, "mtl": 1}, {"geom": {"pts": [[-192.80197665735614, -234.89673431031406, 134.5450668334961]], "r": 2}, "mtl": 1}], "featureCount": 4, "startIndex": 1700}